item,block
minecraft:acacia_boat,minecraft:acacia_button
minecraft:acacia_button,minecraft:acacia_door
minecraft:acacia_chest_boat,minecraft:acacia_fence
minecraft:acacia_door,minecraft:acacia_fence_gate
minecraft:acacia_fence,minecraft:acacia_hanging_sign
minecraft:acacia_fence_gate,minecraft:acacia_leaves
minecraft:acacia_hanging_sign,minecraft:acacia_log
minecraft:acacia_leaves,minecraft:acacia_planks
minecraft:acacia_log,minecraft:acacia_pressure_plate
minecraft:acacia_planks,minecraft:acacia_sapling
minecraft:acacia_pressure_plate,minecraft:acacia_sign
minecraft:acacia_sapling,minecraft:acacia_slab
minecraft:acacia_sign,minecraft:acacia_stairs
minecraft:acacia_slab,minecraft:acacia_trapdoor
minecraft:acacia_stairs,minecraft:acacia_wall_hanging_sign
minecraft:acacia_trapdoor,minecraft:acacia_wall_sign
minecraft:acacia_wood,minecraft:acacia_wood
minecraft:activator_rail,minecraft:activator_rail
minecraft:air,minecraft:air
minecraft:allay_spawn_egg,minecraft:allium
minecraft:allium,minecraft:amethyst_block
minecraft:amethyst_block,minecraft:amethyst_cluster
minecraft:amethyst_cluster,minecraft:ancient_debris
minecraft:amethyst_shard,minecraft:andesite
minecraft:ancient_debris,minecraft:andesite_slab
minecraft:andesite,minecraft:andesite_stairs
minecraft:andesite_slab,minecraft:andesite_wall
minecraft:andesite_stairs,minecraft:anvil
minecraft:andesite_wall,minecraft:attached_melon_stem
minecraft:angler_pottery_sherd,minecraft:attached_pumpkin_stem
minecraft:anvil,minecraft:azalea
minecraft:apple,minecraft:azalea_leaves
minecraft:archer_pottery_sherd,minecraft:azure_bluet
minecraft:armadillo_scute,minecraft:bamboo
minecraft:armadillo_spawn_egg,minecraft:bamboo_block
minecraft:armor_stand,minecraft:bamboo_button
minecraft:arms_up_pottery_sherd,minecraft:bamboo_door
minecraft:arrow,minecraft:bamboo_fence
minecraft:axolotl_bucket,minecraft:bamboo_fence_gate
minecraft:axolotl_spawn_egg,minecraft:bamboo_hanging_sign
minecraft:azalea,minecraft:bamboo_mosaic
minecraft:azalea_leaves,minecraft:bamboo_mosaic_slab
minecraft:azure_bluet,minecraft:bamboo_mosaic_stairs
minecraft:baked_potato,minecraft:bamboo_planks
minecraft:bamboo,minecraft:bamboo_pressure_plate
minecraft:bamboo_block,minecraft:bamboo_sapling
minecraft:bamboo_button,minecraft:bamboo_sign
minecraft:bamboo_chest_raft,minecraft:bamboo_slab
minecraft:bamboo_door,minecraft:bamboo_stairs
minecraft:bamboo_fence,minecraft:bamboo_trapdoor
minecraft:bamboo_fence_gate,minecraft:bamboo_wall_hanging_sign
minecraft:bamboo_hanging_sign,minecraft:bamboo_wall_sign
minecraft:bamboo_mosaic,minecraft:barrel
minecraft:bamboo_mosaic_slab,minecraft:barrier
minecraft:bamboo_mosaic_stairs,minecraft:basalt
minecraft:bamboo_planks,minecraft:beacon
minecraft:bamboo_pressure_plate,minecraft:bedrock
minecraft:bamboo_raft,minecraft:bee_nest
minecraft:bamboo_sign,minecraft:beehive
minecraft:bamboo_slab,minecraft:beetroots
minecraft:bamboo_stairs,minecraft:bell
minecraft:bamboo_trapdoor,minecraft:big_dripleaf
minecraft:barrel,minecraft:big_dripleaf_stem
minecraft:barrier,minecraft:birch_button
minecraft:basalt,minecraft:birch_door
minecraft:bat_spawn_egg,minecraft:birch_fence
minecraft:beacon,minecraft:birch_fence_gate
minecraft:bedrock,minecraft:birch_hanging_sign
minecraft:bee_nest,minecraft:birch_leaves
minecraft:bee_spawn_egg,minecraft:birch_log
minecraft:beef,minecraft:birch_planks
minecraft:beehive,minecraft:birch_pressure_plate
minecraft:beetroot,minecraft:birch_sapling
minecraft:beetroot_seeds,minecraft:birch_sign
minecraft:beetroot_soup,minecraft:birch_slab
minecraft:bell,minecraft:birch_stairs
minecraft:big_dripleaf,minecraft:birch_trapdoor
minecraft:birch_boat,minecraft:birch_wall_hanging_sign
minecraft:birch_button,minecraft:birch_wall_sign
minecraft:birch_chest_boat,minecraft:birch_wood
minecraft:birch_door,minecraft:black_banner
minecraft:birch_fence,minecraft:black_bed
minecraft:birch_fence_gate,minecraft:black_candle
minecraft:birch_hanging_sign,minecraft:black_candle_cake
minecraft:birch_leaves,minecraft:black_carpet
minecraft:birch_log,minecraft:black_concrete
minecraft:birch_planks,minecraft:black_concrete_powder
minecraft:birch_pressure_plate,minecraft:black_glazed_terracotta
minecraft:birch_sapling,minecraft:black_shulker_box
minecraft:birch_sign,minecraft:black_stained_glass
minecraft:birch_slab,minecraft:black_stained_glass_pane
minecraft:birch_stairs,minecraft:black_terracotta
minecraft:birch_trapdoor,minecraft:black_wall_banner
minecraft:birch_wood,minecraft:black_wool
minecraft:black_banner,minecraft:blackstone
minecraft:black_bed,minecraft:blackstone_slab
minecraft:black_candle,minecraft:blackstone_stairs
minecraft:black_carpet,minecraft:blackstone_wall
minecraft:black_concrete,minecraft:blast_furnace
minecraft:black_concrete_powder,minecraft:blue_banner
minecraft:black_dye,minecraft:blue_bed
minecraft:black_glazed_terracotta,minecraft:blue_candle
minecraft:black_shulker_box,minecraft:blue_candle_cake
minecraft:black_stained_glass,minecraft:blue_carpet
minecraft:black_stained_glass_pane,minecraft:blue_concrete
minecraft:black_terracotta,minecraft:blue_concrete_powder
minecraft:black_wool,minecraft:blue_glazed_terracotta
minecraft:blackstone,minecraft:blue_ice
minecraft:blackstone_slab,minecraft:blue_orchid
minecraft:blackstone_stairs,minecraft:blue_shulker_box
minecraft:blackstone_wall,minecraft:blue_stained_glass
minecraft:blade_pottery_sherd,minecraft:blue_stained_glass_pane
minecraft:blast_furnace,minecraft:blue_terracotta
minecraft:blaze_powder,minecraft:blue_wall_banner
minecraft:blaze_rod,minecraft:blue_wool
minecraft:blaze_spawn_egg,minecraft:bone_block
minecraft:blue_banner,minecraft:bookshelf
minecraft:blue_bed,minecraft:brain_coral
minecraft:blue_candle,minecraft:brain_coral_block
minecraft:blue_carpet,minecraft:brain_coral_fan
minecraft:blue_concrete,minecraft:brain_coral_wall_fan
minecraft:blue_concrete_powder,minecraft:brewing_stand
minecraft:blue_dye,minecraft:brick_slab
minecraft:blue_glazed_terracotta,minecraft:brick_stairs
minecraft:blue_ice,minecraft:brick_wall
minecraft:blue_orchid,minecraft:bricks
minecraft:blue_shulker_box,minecraft:brown_banner
minecraft:blue_stained_glass,minecraft:brown_bed
minecraft:blue_stained_glass_pane,minecraft:brown_candle
minecraft:blue_terracotta,minecraft:brown_candle_cake
minecraft:blue_wool,minecraft:brown_carpet
minecraft:bogged_spawn_egg,minecraft:brown_concrete
minecraft:bolt_armor_trim_smithing_template,minecraft:brown_concrete_powder
minecraft:bone,minecraft:brown_glazed_terracotta
minecraft:bone_block,minecraft:brown_mushroom
minecraft:bone_meal,minecraft:brown_mushroom_block
minecraft:book,minecraft:brown_shulker_box
minecraft:bookshelf,minecraft:brown_stained_glass
minecraft:bow,minecraft:brown_stained_glass_pane
minecraft:bowl,minecraft:brown_terracotta
minecraft:brain_coral,minecraft:brown_wall_banner
minecraft:brain_coral_block,minecraft:brown_wool
minecraft:brain_coral_fan,minecraft:bubble_column
minecraft:bread,minecraft:bubble_coral
minecraft:breeze_rod,minecraft:bubble_coral_block
minecraft:breeze_spawn_egg,minecraft:bubble_coral_fan
minecraft:brewer_pottery_sherd,minecraft:bubble_coral_wall_fan
minecraft:brewing_stand,minecraft:budding_amethyst
minecraft:brick,minecraft:cactus
minecraft:brick_slab,minecraft:cake
minecraft:brick_stairs,minecraft:calcite
minecraft:brick_wall,minecraft:calibrated_sculk_sensor
minecraft:bricks,minecraft:campfire
minecraft:brown_banner,minecraft:candle
minecraft:brown_bed,minecraft:candle_cake
minecraft:brown_candle,minecraft:carrots
minecraft:brown_carpet,minecraft:cartography_table
minecraft:brown_concrete,minecraft:carved_pumpkin
minecraft:brown_concrete_powder,minecraft:cauldron
minecraft:brown_dye,minecraft:cave_air
minecraft:brown_glazed_terracotta,minecraft:cave_vines
minecraft:brown_mushroom,minecraft:cave_vines_plant
minecraft:brown_mushroom_block,minecraft:chain
minecraft:brown_shulker_box,minecraft:chain_command_block
minecraft:brown_stained_glass,minecraft:cherry_button
minecraft:brown_stained_glass_pane,minecraft:cherry_door
minecraft:brown_terracotta,minecraft:cherry_fence
minecraft:brown_wool,minecraft:cherry_fence_gate
minecraft:brush,minecraft:cherry_hanging_sign
minecraft:bubble_coral,minecraft:cherry_leaves
minecraft:bubble_coral_block,minecraft:cherry_log
minecraft:bubble_coral_fan,minecraft:cherry_planks
minecraft:bucket,minecraft:cherry_pressure_plate
minecraft:budding_amethyst,minecraft:cherry_sapling
minecraft:bundle,minecraft:cherry_sign
minecraft:burn_pottery_sherd,minecraft:cherry_slab
minecraft:cactus,minecraft:cherry_stairs
minecraft:cake,minecraft:cherry_trapdoor
minecraft:calcite,minecraft:cherry_wall_hanging_sign
minecraft:calibrated_sculk_sensor,minecraft:cherry_wall_sign
minecraft:camel_spawn_egg,minecraft:cherry_wood
minecraft:campfire,minecraft:chest
minecraft:candle,minecraft:chipped_anvil
minecraft:carrot,minecraft:chiseled_bookshelf
minecraft:carrot_on_a_stick,minecraft:chiseled_copper
minecraft:cartography_table,minecraft:chiseled_deepslate
minecraft:carved_pumpkin,minecraft:chiseled_nether_bricks
minecraft:cat_spawn_egg,minecraft:chiseled_polished_blackstone
minecraft:cauldron,minecraft:chiseled_quartz_block
minecraft:cave_spider_spawn_egg,minecraft:chiseled_red_sandstone
minecraft:chain,minecraft:chiseled_sandstone
minecraft:chain_command_block,minecraft:chiseled_stone_bricks
minecraft:chainmail_boots,minecraft:chiseled_tuff
minecraft:chainmail_chestplate,minecraft:chiseled_tuff_bricks
minecraft:chainmail_helmet,minecraft:chorus_flower
minecraft:chainmail_leggings,minecraft:chorus_plant
minecraft:charcoal,minecraft:clay
minecraft:cherry_boat,minecraft:coal_block
minecraft:cherry_button,minecraft:coal_ore
minecraft:cherry_chest_boat,minecraft:coarse_dirt
minecraft:cherry_door,minecraft:cobbled_deepslate
minecraft:cherry_fence,minecraft:cobbled_deepslate_slab
minecraft:cherry_fence_gate,minecraft:cobbled_deepslate_stairs
minecraft:cherry_hanging_sign,minecraft:cobbled_deepslate_wall
minecraft:cherry_leaves,minecraft:cobblestone
minecraft:cherry_log,minecraft:cobblestone_slab
minecraft:cherry_planks,minecraft:cobblestone_stairs
minecraft:cherry_pressure_plate,minecraft:cobblestone_wall
minecraft:cherry_sapling,minecraft:cobweb
minecraft:cherry_sign,minecraft:cocoa
minecraft:cherry_slab,minecraft:command_block
minecraft:cherry_stairs,minecraft:comparator
minecraft:cherry_trapdoor,minecraft:composter
minecraft:cherry_wood,minecraft:conduit
minecraft:chest,minecraft:copper_block
minecraft:chest_minecart,minecraft:copper_bulb
minecraft:chicken,minecraft:copper_door
minecraft:chicken_spawn_egg,minecraft:copper_grate
minecraft:chipped_anvil,minecraft:copper_ore
minecraft:chiseled_bookshelf,minecraft:copper_trapdoor
minecraft:chiseled_copper,minecraft:cornflower
minecraft:chiseled_deepslate,minecraft:cracked_deepslate_bricks
minecraft:chiseled_nether_bricks,minecraft:cracked_deepslate_tiles
minecraft:chiseled_polished_blackstone,minecraft:cracked_nether_bricks
minecraft:chiseled_quartz_block,minecraft:cracked_polished_blackstone_bricks
minecraft:chiseled_red_sandstone,minecraft:cracked_stone_bricks
minecraft:chiseled_sandstone,minecraft:crafter
minecraft:chiseled_stone_bricks,minecraft:crafting_table
minecraft:chiseled_tuff,minecraft:creeper_head
minecraft:chiseled_tuff_bricks,minecraft:creeper_wall_head
minecraft:chorus_flower,minecraft:crimson_button
minecraft:chorus_fruit,minecraft:crimson_door
minecraft:chorus_plant,minecraft:crimson_fence
minecraft:clay,minecraft:crimson_fence_gate
minecraft:clay_ball,minecraft:crimson_fungus
minecraft:clock,minecraft:crimson_hanging_sign
minecraft:coal,minecraft:crimson_hyphae
minecraft:coal_block,minecraft:crimson_nylium
minecraft:coal_ore,minecraft:crimson_planks
minecraft:coarse_dirt,minecraft:crimson_pressure_plate
minecraft:coast_armor_trim_smithing_template,minecraft:crimson_roots
minecraft:cobbled_deepslate,minecraft:crimson_sign
minecraft:cobbled_deepslate_slab,minecraft:crimson_slab
minecraft:cobbled_deepslate_stairs,minecraft:crimson_stairs
minecraft:cobbled_deepslate_wall,minecraft:crimson_stem
minecraft:cobblestone,minecraft:crimson_trapdoor
minecraft:cobblestone_slab,minecraft:crimson_wall_hanging_sign
minecraft:cobblestone_stairs,minecraft:crimson_wall_sign
minecraft:cobblestone_wall,minecraft:crying_obsidian
minecraft:cobweb,minecraft:cut_copper
minecraft:cocoa_beans,minecraft:cut_copper_slab
minecraft:cod,minecraft:cut_copper_stairs
minecraft:cod_bucket,minecraft:cut_red_sandstone
minecraft:cod_spawn_egg,minecraft:cut_red_sandstone_slab
minecraft:command_block,minecraft:cut_sandstone
minecraft:command_block_minecart,minecraft:cut_sandstone_slab
minecraft:comparator,minecraft:cyan_banner
minecraft:compass,minecraft:cyan_bed
minecraft:composter,minecraft:cyan_candle
minecraft:conduit,minecraft:cyan_candle_cake
minecraft:cooked_beef,minecraft:cyan_carpet
minecraft:cooked_chicken,minecraft:cyan_concrete
minecraft:cooked_cod,minecraft:cyan_concrete_powder
minecraft:cooked_mutton,minecraft:cyan_glazed_terracotta
minecraft:cooked_porkchop,minecraft:cyan_shulker_box
minecraft:cooked_rabbit,minecraft:cyan_stained_glass
minecraft:cooked_salmon,minecraft:cyan_stained_glass_pane
minecraft:cookie,minecraft:cyan_terracotta
minecraft:copper_block,minecraft:cyan_wall_banner
minecraft:copper_bulb,minecraft:cyan_wool
minecraft:copper_door,minecraft:damaged_anvil
minecraft:copper_grate,minecraft:dandelion
minecraft:copper_ingot,minecraft:dark_oak_button
minecraft:copper_ore,minecraft:dark_oak_door
minecraft:copper_trapdoor,minecraft:dark_oak_fence
minecraft:cornflower,minecraft:dark_oak_fence_gate
minecraft:cow_spawn_egg,minecraft:dark_oak_hanging_sign
minecraft:cracked_deepslate_bricks,minecraft:dark_oak_leaves
minecraft:cracked_deepslate_tiles,minecraft:dark_oak_log
minecraft:cracked_nether_bricks,minecraft:dark_oak_planks
minecraft:cracked_polished_blackstone_bricks,minecraft:dark_oak_pressure_plate
minecraft:cracked_stone_bricks,minecraft:dark_oak_sapling
minecraft:crafter,minecraft:dark_oak_sign
minecraft:crafting_table,minecraft:dark_oak_slab
minecraft:creeper_banner_pattern,minecraft:dark_oak_stairs
minecraft:creeper_head,minecraft:dark_oak_trapdoor
minecraft:creeper_spawn_egg,minecraft:dark_oak_wall_hanging_sign
minecraft:crimson_button,minecraft:dark_oak_wall_sign
minecraft:crimson_door,minecraft:dark_oak_wood
minecraft:crimson_fence,minecraft:dark_prismarine
minecraft:crimson_fence_gate,minecraft:dark_prismarine_slab
minecraft:crimson_fungus,minecraft:dark_prismarine_stairs
minecraft:crimson_hanging_sign,minecraft:daylight_detector
minecraft:crimson_hyphae,minecraft:dead_brain_coral
minecraft:crimson_nylium,minecraft:dead_brain_coral_block
minecraft:crimson_planks,minecraft:dead_brain_coral_fan
minecraft:crimson_pressure_plate,minecraft:dead_brain_coral_wall_fan
minecraft:crimson_roots,minecraft:dead_bubble_coral
minecraft:crimson_sign,minecraft:dead_bubble_coral_block
minecraft:crimson_slab,minecraft:dead_bubble_coral_fan
minecraft:crimson_stairs,minecraft:dead_bubble_coral_wall_fan
minecraft:crimson_stem,minecraft:dead_bush
minecraft:crimson_trapdoor,minecraft:dead_fire_coral
minecraft:crossbow,minecraft:dead_fire_coral_block
minecraft:crying_obsidian,minecraft:dead_fire_coral_fan
minecraft:cut_copper,minecraft:dead_fire_coral_wall_fan
minecraft:cut_copper_slab,minecraft:dead_horn_coral
minecraft:cut_copper_stairs,minecraft:dead_horn_coral_block
minecraft:cut_red_sandstone,minecraft:dead_horn_coral_fan
minecraft:cut_red_sandstone_slab,minecraft:dead_horn_coral_wall_fan
minecraft:cut_sandstone,minecraft:dead_tube_coral
minecraft:cut_sandstone_slab,minecraft:dead_tube_coral_block
minecraft:cyan_banner,minecraft:dead_tube_coral_fan
minecraft:cyan_bed,minecraft:dead_tube_coral_wall_fan
minecraft:cyan_candle,minecraft:decorated_pot
minecraft:cyan_carpet,minecraft:deepslate
minecraft:cyan_concrete,minecraft:deepslate_brick_slab
minecraft:cyan_concrete_powder,minecraft:deepslate_brick_stairs
minecraft:cyan_dye,minecraft:deepslate_brick_wall
minecraft:cyan_glazed_terracotta,minecraft:deepslate_bricks
minecraft:cyan_shulker_box,minecraft:deepslate_coal_ore
minecraft:cyan_stained_glass,minecraft:deepslate_copper_ore
minecraft:cyan_stained_glass_pane,minecraft:deepslate_diamond_ore
minecraft:cyan_terracotta,minecraft:deepslate_emerald_ore
minecraft:cyan_wool,minecraft:deepslate_gold_ore
minecraft:damaged_anvil,minecraft:deepslate_iron_ore
minecraft:dandelion,minecraft:deepslate_lapis_ore
minecraft:danger_pottery_sherd,minecraft:deepslate_redstone_ore
minecraft:dark_oak_boat,minecraft:deepslate_tile_slab
minecraft:dark_oak_button,minecraft:deepslate_tile_stairs
minecraft:dark_oak_chest_boat,minecraft:deepslate_tile_wall
minecraft:dark_oak_door,minecraft:deepslate_tiles
minecraft:dark_oak_fence,minecraft:detector_rail
minecraft:dark_oak_fence_gate,minecraft:diamond_block
minecraft:dark_oak_hanging_sign,minecraft:diamond_ore
minecraft:dark_oak_leaves,minecraft:diorite
minecraft:dark_oak_log,minecraft:diorite_slab
minecraft:dark_oak_planks,minecraft:diorite_stairs
minecraft:dark_oak_pressure_plate,minecraft:diorite_wall
minecraft:dark_oak_sapling,minecraft:dirt
minecraft:dark_oak_sign,minecraft:dirt_path
minecraft:dark_oak_slab,minecraft:dispenser
minecraft:dark_oak_stairs,minecraft:dragon_egg
minecraft:dark_oak_trapdoor,minecraft:dragon_head
minecraft:dark_oak_wood,minecraft:dragon_wall_head
minecraft:dark_prismarine,minecraft:dried_kelp_block
minecraft:dark_prismarine_slab,minecraft:dripstone_block
minecraft:dark_prismarine_stairs,minecraft:dropper
minecraft:daylight_detector,minecraft:emerald_block
minecraft:dead_brain_coral,minecraft:emerald_ore
minecraft:dead_brain_coral_block,minecraft:enchanting_table
minecraft:dead_brain_coral_fan,minecraft:end_gateway
minecraft:dead_bubble_coral,minecraft:end_portal
minecraft:dead_bubble_coral_block,minecraft:end_portal_frame
minecraft:dead_bubble_coral_fan,minecraft:end_rod
minecraft:dead_bush,minecraft:end_stone
minecraft:dead_fire_coral,minecraft:end_stone_brick_slab
minecraft:dead_fire_coral_block,minecraft:end_stone_brick_stairs
minecraft:dead_fire_coral_fan,minecraft:end_stone_brick_wall
minecraft:dead_horn_coral,minecraft:end_stone_bricks
minecraft:dead_horn_coral_block,minecraft:ender_chest
minecraft:dead_horn_coral_fan,minecraft:exposed_chiseled_copper
minecraft:dead_tube_coral,minecraft:exposed_copper
minecraft:dead_tube_coral_block,minecraft:exposed_copper_bulb
minecraft:dead_tube_coral_fan,minecraft:exposed_copper_door
minecraft:debug_stick,minecraft:exposed_copper_grate
minecraft:decorated_pot,minecraft:exposed_copper_trapdoor
minecraft:deepslate,minecraft:exposed_cut_copper
minecraft:deepslate_brick_slab,minecraft:exposed_cut_copper_slab
minecraft:deepslate_brick_stairs,minecraft:exposed_cut_copper_stairs
minecraft:deepslate_brick_wall,minecraft:farmland
minecraft:deepslate_bricks,minecraft:fern
minecraft:deepslate_coal_ore,minecraft:fire
minecraft:deepslate_copper_ore,minecraft:fire_coral
minecraft:deepslate_diamond_ore,minecraft:fire_coral_block
minecraft:deepslate_emerald_ore,minecraft:fire_coral_fan
minecraft:deepslate_gold_ore,minecraft:fire_coral_wall_fan
minecraft:deepslate_iron_ore,minecraft:fletching_table
minecraft:deepslate_lapis_ore,minecraft:flower_pot
minecraft:deepslate_redstone_ore,minecraft:flowering_azalea
minecraft:deepslate_tile_slab,minecraft:flowering_azalea_leaves
minecraft:deepslate_tile_stairs,minecraft:frogspawn
minecraft:deepslate_tile_wall,minecraft:frosted_ice
minecraft:deepslate_tiles,minecraft:furnace
minecraft:detector_rail,minecraft:gilded_blackstone
minecraft:diamond,minecraft:glass
minecraft:diamond_axe,minecraft:glass_pane
minecraft:diamond_block,minecraft:glow_lichen
minecraft:diamond_boots,minecraft:glowstone
minecraft:diamond_chestplate,minecraft:gold_block
minecraft:diamond_helmet,minecraft:gold_ore
minecraft:diamond_hoe,minecraft:granite
minecraft:diamond_horse_armor,minecraft:granite_slab
minecraft:diamond_leggings,minecraft:granite_stairs
minecraft:diamond_ore,minecraft:granite_wall
minecraft:diamond_pickaxe,minecraft:grass_block
minecraft:diamond_shovel,minecraft:gravel
minecraft:diamond_sword,minecraft:gray_banner
minecraft:diorite,minecraft:gray_bed
minecraft:diorite_slab,minecraft:gray_candle
minecraft:diorite_stairs,minecraft:gray_candle_cake
minecraft:diorite_wall,minecraft:gray_carpet
minecraft:dirt,minecraft:gray_concrete
minecraft:dirt_path,minecraft:gray_concrete_powder
minecraft:disc_fragment_5,minecraft:gray_glazed_terracotta
minecraft:dispenser,minecraft:gray_shulker_box
minecraft:dolphin_spawn_egg,minecraft:gray_stained_glass
minecraft:donkey_spawn_egg,minecraft:gray_stained_glass_pane
minecraft:dragon_breath,minecraft:gray_terracotta
minecraft:dragon_egg,minecraft:gray_wall_banner
minecraft:dragon_head,minecraft:gray_wool
minecraft:dried_kelp,minecraft:green_banner
minecraft:dried_kelp_block,minecraft:green_bed
minecraft:dripstone_block,minecraft:green_candle
minecraft:dropper,minecraft:green_candle_cake
minecraft:drowned_spawn_egg,minecraft:green_carpet
minecraft:dune_armor_trim_smithing_template,minecraft:green_concrete
minecraft:echo_shard,minecraft:green_concrete_powder
minecraft:egg,minecraft:green_glazed_terracotta
minecraft:elder_guardian_spawn_egg,minecraft:green_shulker_box
minecraft:elytra,minecraft:green_stained_glass
minecraft:emerald,minecraft:green_stained_glass_pane
minecraft:emerald_block,minecraft:green_terracotta
minecraft:emerald_ore,minecraft:green_wall_banner
minecraft:enchanted_book,minecraft:green_wool
minecraft:enchanted_golden_apple,minecraft:grindstone
minecraft:enchanting_table,minecraft:hanging_roots
minecraft:end_crystal,minecraft:hay_block
minecraft:end_portal_frame,minecraft:heavy_core
minecraft:end_rod,minecraft:heavy_weighted_pressure_plate
minecraft:end_stone,minecraft:honey_block
minecraft:end_stone_brick_slab,minecraft:honeycomb_block
minecraft:end_stone_brick_stairs,minecraft:hopper
minecraft:end_stone_brick_wall,minecraft:horn_coral
minecraft:end_stone_bricks,minecraft:horn_coral_block
minecraft:ender_chest,minecraft:horn_coral_fan
minecraft:ender_dragon_spawn_egg,minecraft:horn_coral_wall_fan
minecraft:ender_eye,minecraft:ice
minecraft:ender_pearl,minecraft:infested_chiseled_stone_bricks
minecraft:enderman_spawn_egg,minecraft:infested_cobblestone
minecraft:endermite_spawn_egg,minecraft:infested_cracked_stone_bricks
minecraft:evoker_spawn_egg,minecraft:infested_deepslate
minecraft:experience_bottle,minecraft:infested_mossy_stone_bricks
minecraft:explorer_pottery_sherd,minecraft:infested_stone
minecraft:exposed_chiseled_copper,minecraft:infested_stone_bricks
minecraft:exposed_copper,minecraft:iron_bars
minecraft:exposed_copper_bulb,minecraft:iron_block
minecraft:exposed_copper_door,minecraft:iron_door
minecraft:exposed_copper_grate,minecraft:iron_ore
minecraft:exposed_copper_trapdoor,minecraft:iron_trapdoor
minecraft:exposed_cut_copper,minecraft:jack_o_lantern
minecraft:exposed_cut_copper_slab,minecraft:jigsaw
minecraft:exposed_cut_copper_stairs,minecraft:jukebox
minecraft:eye_armor_trim_smithing_template,minecraft:jungle_button
minecraft:farmland,minecraft:jungle_door
minecraft:feather,minecraft:jungle_fence
minecraft:fermented_spider_eye,minecraft:jungle_fence_gate
minecraft:fern,minecraft:jungle_hanging_sign
minecraft:filled_map,minecraft:jungle_leaves
minecraft:fire_charge,minecraft:jungle_log
minecraft:fire_coral,minecraft:jungle_planks
minecraft:fire_coral_block,minecraft:jungle_pressure_plate
minecraft:fire_coral_fan,minecraft:jungle_sapling
minecraft:firework_rocket,minecraft:jungle_sign
minecraft:firework_star,minecraft:jungle_slab
minecraft:fishing_rod,minecraft:jungle_stairs
minecraft:fletching_table,minecraft:jungle_trapdoor
minecraft:flint,minecraft:jungle_wall_hanging_sign
minecraft:flint_and_steel,minecraft:jungle_wall_sign
minecraft:flow_armor_trim_smithing_template,minecraft:jungle_wood
minecraft:flow_banner_pattern,minecraft:kelp
minecraft:flow_pottery_sherd,minecraft:kelp_plant
minecraft:flower_banner_pattern,minecraft:ladder
minecraft:flower_pot,minecraft:lantern
minecraft:flowering_azalea,minecraft:lapis_block
minecraft:flowering_azalea_leaves,minecraft:lapis_ore
minecraft:fox_spawn_egg,minecraft:large_amethyst_bud
minecraft:friend_pottery_sherd,minecraft:large_fern
minecraft:frog_spawn_egg,minecraft:lava
minecraft:frogspawn,minecraft:lava_cauldron
minecraft:furnace,minecraft:lectern
minecraft:furnace_minecart,minecraft:lever
minecraft:ghast_spawn_egg,minecraft:light
minecraft:ghast_tear,minecraft:light_blue_banner
minecraft:gilded_blackstone,minecraft:light_blue_bed
minecraft:glass,minecraft:light_blue_candle
minecraft:glass_bottle,minecraft:light_blue_candle_cake
minecraft:glass_pane,minecraft:light_blue_carpet
minecraft:glistering_melon_slice,minecraft:light_blue_concrete
minecraft:globe_banner_pattern,minecraft:light_blue_concrete_powder
minecraft:glow_berries,minecraft:light_blue_glazed_terracotta
minecraft:glow_ink_sac,minecraft:light_blue_shulker_box
minecraft:glow_item_frame,minecraft:light_blue_stained_glass
minecraft:glow_lichen,minecraft:light_blue_stained_glass_pane
minecraft:glow_squid_spawn_egg,minecraft:light_blue_terracotta
minecraft:glowstone,minecraft:light_blue_wall_banner
minecraft:glowstone_dust,minecraft:light_blue_wool
minecraft:goat_horn,minecraft:light_gray_banner
minecraft:goat_spawn_egg,minecraft:light_gray_bed
minecraft:gold_block,minecraft:light_gray_candle
minecraft:gold_ingot,minecraft:light_gray_candle_cake
minecraft:gold_nugget,minecraft:light_gray_carpet
minecraft:gold_ore,minecraft:light_gray_concrete
minecraft:golden_apple,minecraft:light_gray_concrete_powder
minecraft:golden_axe,minecraft:light_gray_glazed_terracotta
minecraft:golden_boots,minecraft:light_gray_shulker_box
minecraft:golden_carrot,minecraft:light_gray_stained_glass
minecraft:golden_chestplate,minecraft:light_gray_stained_glass_pane
minecraft:golden_helmet,minecraft:light_gray_terracotta
minecraft:golden_hoe,minecraft:light_gray_wall_banner
minecraft:golden_horse_armor,minecraft:light_gray_wool
minecraft:golden_leggings,minecraft:light_weighted_pressure_plate
minecraft:golden_pickaxe,minecraft:lightning_rod
minecraft:golden_shovel,minecraft:lilac
minecraft:golden_sword,minecraft:lily_of_the_valley
minecraft:granite,minecraft:lily_pad
minecraft:granite_slab,minecraft:lime_banner
minecraft:granite_stairs,minecraft:lime_bed
minecraft:granite_wall,minecraft:lime_candle
minecraft:grass_block,minecraft:lime_candle_cake
minecraft:gravel,minecraft:lime_carpet
minecraft:gray_banner,minecraft:lime_concrete
minecraft:gray_bed,minecraft:lime_concrete_powder
minecraft:gray_candle,minecraft:lime_glazed_terracotta
minecraft:gray_carpet,minecraft:lime_shulker_box
minecraft:gray_concrete,minecraft:lime_stained_glass
minecraft:gray_concrete_powder,minecraft:lime_stained_glass_pane
minecraft:gray_dye,minecraft:lime_terracotta
minecraft:gray_glazed_terracotta,minecraft:lime_wall_banner
minecraft:gray_shulker_box,minecraft:lime_wool
minecraft:gray_stained_glass,minecraft:lodestone
minecraft:gray_stained_glass_pane,minecraft:loom
minecraft:gray_terracotta,minecraft:magenta_banner
minecraft:gray_wool,minecraft:magenta_bed
minecraft:green_banner,minecraft:magenta_candle
minecraft:green_bed,minecraft:magenta_candle_cake
minecraft:green_candle,minecraft:magenta_carpet
minecraft:green_carpet,minecraft:magenta_concrete
minecraft:green_concrete,minecraft:magenta_concrete_powder
minecraft:green_concrete_powder,minecraft:magenta_glazed_terracotta
minecraft:green_dye,minecraft:magenta_shulker_box
minecraft:green_glazed_terracotta,minecraft:magenta_stained_glass
minecraft:green_shulker_box,minecraft:magenta_stained_glass_pane
minecraft:green_stained_glass,minecraft:magenta_terracotta
minecraft:green_stained_glass_pane,minecraft:magenta_wall_banner
minecraft:green_terracotta,minecraft:magenta_wool
minecraft:green_wool,minecraft:magma_block
minecraft:grindstone,minecraft:mangrove_button
minecraft:guardian_spawn_egg,minecraft:mangrove_door
minecraft:gunpowder,minecraft:mangrove_fence
minecraft:guster_banner_pattern,minecraft:mangrove_fence_gate
minecraft:guster_pottery_sherd,minecraft:mangrove_hanging_sign
minecraft:hanging_roots,minecraft:mangrove_leaves
minecraft:hay_block,minecraft:mangrove_log
minecraft:heart_of_the_sea,minecraft:mangrove_planks
minecraft:heart_pottery_sherd,minecraft:mangrove_pressure_plate
minecraft:heartbreak_pottery_sherd,minecraft:mangrove_propagule
minecraft:heavy_core,minecraft:mangrove_roots
minecraft:heavy_weighted_pressure_plate,minecraft:mangrove_sign
minecraft:hoglin_spawn_egg,minecraft:mangrove_slab
minecraft:honey_block,minecraft:mangrove_stairs
minecraft:honey_bottle,minecraft:mangrove_trapdoor
minecraft:honeycomb,minecraft:mangrove_wall_hanging_sign
minecraft:honeycomb_block,minecraft:mangrove_wall_sign
minecraft:hopper,minecraft:mangrove_wood
minecraft:hopper_minecart,minecraft:medium_amethyst_bud
minecraft:horn_coral,minecraft:melon
minecraft:horn_coral_block,minecraft:melon_stem
minecraft:horn_coral_fan,minecraft:moss_block
minecraft:horse_spawn_egg,minecraft:moss_carpet
minecraft:host_armor_trim_smithing_template,minecraft:mossy_cobblestone
minecraft:howl_pottery_sherd,minecraft:mossy_cobblestone_slab
minecraft:husk_spawn_egg,minecraft:mossy_cobblestone_stairs
minecraft:ice,minecraft:mossy_cobblestone_wall
minecraft:infested_chiseled_stone_bricks,minecraft:mossy_stone_brick_slab
minecraft:infested_cobblestone,minecraft:mossy_stone_brick_stairs
minecraft:infested_cracked_stone_bricks,minecraft:mossy_stone_brick_wall
minecraft:infested_deepslate,minecraft:mossy_stone_bricks
minecraft:infested_mossy_stone_bricks,minecraft:moving_piston
minecraft:infested_stone,minecraft:mud
minecraft:infested_stone_bricks,minecraft:mud_brick_slab
minecraft:ink_sac,minecraft:mud_brick_stairs
minecraft:iron_axe,minecraft:mud_brick_wall
minecraft:iron_bars,minecraft:mud_bricks
minecraft:iron_block,minecraft:muddy_mangrove_roots
minecraft:iron_boots,minecraft:mushroom_stem
minecraft:iron_chestplate,minecraft:mycelium
minecraft:iron_door,minecraft:nether_brick_fence
minecraft:iron_golem_spawn_egg,minecraft:nether_brick_slab
minecraft:iron_helmet,minecraft:nether_brick_stairs
minecraft:iron_hoe,minecraft:nether_brick_wall
minecraft:iron_horse_armor,minecraft:nether_bricks
minecraft:iron_ingot,minecraft:nether_gold_ore
minecraft:iron_leggings,minecraft:nether_portal
minecraft:iron_nugget,minecraft:nether_quartz_ore
minecraft:iron_ore,minecraft:nether_sprouts
minecraft:iron_pickaxe,minecraft:nether_wart
minecraft:iron_shovel,minecraft:nether_wart_block
minecraft:iron_sword,minecraft:netherite_block
minecraft:iron_trapdoor,minecraft:netherrack
minecraft:item_frame,minecraft:note_block
minecraft:jack_o_lantern,minecraft:oak_button
minecraft:jigsaw,minecraft:oak_door
minecraft:jukebox,minecraft:oak_fence
minecraft:jungle_boat,minecraft:oak_fence_gate
minecraft:jungle_button,minecraft:oak_hanging_sign
minecraft:jungle_chest_boat,minecraft:oak_leaves
minecraft:jungle_door,minecraft:oak_log
minecraft:jungle_fence,minecraft:oak_planks
minecraft:jungle_fence_gate,minecraft:oak_pressure_plate
minecraft:jungle_hanging_sign,minecraft:oak_sapling
minecraft:jungle_leaves,minecraft:oak_sign
minecraft:jungle_log,minecraft:oak_slab
minecraft:jungle_planks,minecraft:oak_stairs
minecraft:jungle_pressure_plate,minecraft:oak_trapdoor
minecraft:jungle_sapling,minecraft:oak_wall_hanging_sign
minecraft:jungle_sign,minecraft:oak_wall_sign
minecraft:jungle_slab,minecraft:oak_wood
minecraft:jungle_stairs,minecraft:observer
minecraft:jungle_trapdoor,minecraft:obsidian
minecraft:jungle_wood,minecraft:ochre_froglight
minecraft:kelp,minecraft:orange_banner
minecraft:knowledge_book,minecraft:orange_bed
minecraft:ladder,minecraft:orange_candle
minecraft:lantern,minecraft:orange_candle_cake
minecraft:lapis_block,minecraft:orange_carpet
minecraft:lapis_lazuli,minecraft:orange_concrete
minecraft:lapis_ore,minecraft:orange_concrete_powder
minecraft:large_amethyst_bud,minecraft:orange_glazed_terracotta
minecraft:large_fern,minecraft:orange_shulker_box
minecraft:lava_bucket,minecraft:orange_stained_glass
minecraft:lead,minecraft:orange_stained_glass_pane
minecraft:leather,minecraft:orange_terracotta
minecraft:leather_boots,minecraft:orange_tulip
minecraft:leather_chestplate,minecraft:orange_wall_banner
minecraft:leather_helmet,minecraft:orange_wool
minecraft:leather_horse_armor,minecraft:oxeye_daisy
minecraft:leather_leggings,minecraft:oxidized_chiseled_copper
minecraft:lectern,minecraft:oxidized_copper
minecraft:lever,minecraft:oxidized_copper_bulb
minecraft:light,minecraft:oxidized_copper_door
minecraft:light_blue_banner,minecraft:oxidized_copper_grate
minecraft:light_blue_bed,minecraft:oxidized_copper_trapdoor
minecraft:light_blue_candle,minecraft:oxidized_cut_copper
minecraft:light_blue_carpet,minecraft:oxidized_cut_copper_slab
minecraft:light_blue_concrete,minecraft:oxidized_cut_copper_stairs
minecraft:light_blue_concrete_powder,minecraft:packed_ice
minecraft:light_blue_dye,minecraft:packed_mud
minecraft:light_blue_glazed_terracotta,minecraft:pearlescent_froglight
minecraft:light_blue_shulker_box,minecraft:peony
minecraft:light_blue_stained_glass,minecraft:petrified_oak_slab
minecraft:light_blue_stained_glass_pane,minecraft:piglin_head
minecraft:light_blue_terracotta,minecraft:piglin_wall_head
minecraft:light_blue_wool,minecraft:pink_banner
minecraft:light_gray_banner,minecraft:pink_bed
minecraft:light_gray_bed,minecraft:pink_candle
minecraft:light_gray_candle,minecraft:pink_candle_cake
minecraft:light_gray_carpet,minecraft:pink_carpet
minecraft:light_gray_concrete,minecraft:pink_concrete
minecraft:light_gray_concrete_powder,minecraft:pink_concrete_powder
minecraft:light_gray_dye,minecraft:pink_glazed_terracotta
minecraft:light_gray_glazed_terracotta,minecraft:pink_petals
minecraft:light_gray_shulker_box,minecraft:pink_shulker_box
minecraft:light_gray_stained_glass,minecraft:pink_stained_glass
minecraft:light_gray_stained_glass_pane,minecraft:pink_stained_glass_pane
minecraft:light_gray_terracotta,minecraft:pink_terracotta
minecraft:light_gray_wool,minecraft:pink_tulip
minecraft:light_weighted_pressure_plate,minecraft:pink_wall_banner
minecraft:lightning_rod,minecraft:pink_wool
minecraft:lilac,minecraft:piston
minecraft:lily_of_the_valley,minecraft:piston_head
minecraft:lily_pad,minecraft:pitcher_crop
minecraft:lime_banner,minecraft:pitcher_plant
minecraft:lime_bed,minecraft:player_head
minecraft:lime_candle,minecraft:player_wall_head
minecraft:lime_carpet,minecraft:podzol
minecraft:lime_concrete,minecraft:pointed_dripstone
minecraft:lime_concrete_powder,minecraft:polished_andesite
minecraft:lime_dye,minecraft:polished_andesite_slab
minecraft:lime_glazed_terracotta,minecraft:polished_andesite_stairs
minecraft:lime_shulker_box,minecraft:polished_basalt
minecraft:lime_stained_glass,minecraft:polished_blackstone
minecraft:lime_stained_glass_pane,minecraft:polished_blackstone_brick_slab
minecraft:lime_terracotta,minecraft:polished_blackstone_brick_stairs
minecraft:lime_wool,minecraft:polished_blackstone_brick_wall
minecraft:lingering_potion,minecraft:polished_blackstone_bricks
minecraft:llama_spawn_egg,minecraft:polished_blackstone_button
minecraft:lodestone,minecraft:polished_blackstone_pressure_plate
minecraft:loom,minecraft:polished_blackstone_slab
minecraft:mace,minecraft:polished_blackstone_stairs
minecraft:magenta_banner,minecraft:polished_blackstone_wall
minecraft:magenta_bed,minecraft:polished_deepslate
minecraft:magenta_candle,minecraft:polished_deepslate_slab
minecraft:magenta_carpet,minecraft:polished_deepslate_stairs
minecraft:magenta_concrete,minecraft:polished_deepslate_wall
minecraft:magenta_concrete_powder,minecraft:polished_diorite
minecraft:magenta_dye,minecraft:polished_diorite_slab
minecraft:magenta_glazed_terracotta,minecraft:polished_diorite_stairs
minecraft:magenta_shulker_box,minecraft:polished_granite
minecraft:magenta_stained_glass,minecraft:polished_granite_slab
minecraft:magenta_stained_glass_pane,minecraft:polished_granite_stairs
minecraft:magenta_terracotta,minecraft:polished_tuff
minecraft:magenta_wool,minecraft:polished_tuff_slab
minecraft:magma_block,minecraft:polished_tuff_stairs
minecraft:magma_cream,minecraft:polished_tuff_wall
minecraft:magma_cube_spawn_egg,minecraft:poppy
minecraft:mangrove_boat,minecraft:potatoes
minecraft:mangrove_button,minecraft:potted_acacia_sapling
minecraft:mangrove_chest_boat,minecraft:potted_allium
minecraft:mangrove_door,minecraft:potted_azalea_bush
minecraft:mangrove_fence,minecraft:potted_azure_bluet
minecraft:mangrove_fence_gate,minecraft:potted_bamboo
minecraft:mangrove_hanging_sign,minecraft:potted_birch_sapling
minecraft:mangrove_leaves,minecraft:potted_blue_orchid
minecraft:mangrove_log,minecraft:potted_brown_mushroom
minecraft:mangrove_planks,minecraft:potted_cactus
minecraft:mangrove_pressure_plate,minecraft:potted_cherry_sapling
minecraft:mangrove_propagule,minecraft:potted_cornflower
minecraft:mangrove_roots,minecraft:potted_crimson_fungus
minecraft:mangrove_sign,minecraft:potted_crimson_roots
minecraft:mangrove_slab,minecraft:potted_dandelion
minecraft:mangrove_stairs,minecraft:potted_dark_oak_sapling
minecraft:mangrove_trapdoor,minecraft:potted_dead_bush
minecraft:mangrove_wood,minecraft:potted_fern
minecraft:map,minecraft:potted_flowering_azalea_bush
minecraft:medium_amethyst_bud,minecraft:potted_jungle_sapling
minecraft:melon,minecraft:potted_lily_of_the_valley
minecraft:melon_slice,minecraft:potted_mangrove_propagule
minecraft:melon_stem,minecraft:potted_oak_sapling
minecraft:milk_bucket,minecraft:potted_orange_tulip
minecraft:minecart,minecraft:potted_oxeye_daisy
minecraft:miner_pottery_sherd,minecraft:potted_pink_tulip
minecraft:mojang_banner_pattern,minecraft:potted_poppy
minecraft:mooshroom_spawn_egg,minecraft:potted_red_mushroom
minecraft:moss_block,minecraft:potted_red_tulip
minecraft:moss_carpet,minecraft:potted_spruce_sapling
minecraft:mossy_cobblestone,minecraft:potted_torchflower
minecraft:mossy_cobblestone_slab,minecraft:potted_warped_fungus
minecraft:mossy_cobblestone_stairs,minecraft:potted_warped_roots
minecraft:mossy_cobblestone_wall,minecraft:potted_white_tulip
minecraft:mossy_stone_brick_slab,minecraft:potted_wither_rose
minecraft:mossy_stone_brick_stairs,minecraft:powder_snow
minecraft:mossy_stone_brick_wall,minecraft:powder_snow_cauldron
minecraft:mossy_stone_bricks,minecraft:powered_rail
minecraft:mourner_pottery_sherd,minecraft:prismarine
minecraft:mud,minecraft:prismarine_brick_slab
minecraft:mud_brick_slab,minecraft:prismarine_brick_stairs
minecraft:mud_brick_stairs,minecraft:prismarine_bricks
minecraft:mud_brick_wall,minecraft:prismarine_slab
minecraft:mud_bricks,minecraft:prismarine_stairs
minecraft:muddy_mangrove_roots,minecraft:prismarine_wall
minecraft:mule_spawn_egg,minecraft:pumpkin
minecraft:mushroom_stem,minecraft:pumpkin_stem
minecraft:mushroom_stew,minecraft:purple_banner
minecraft:music_disc_11,minecraft:purple_bed
minecraft:music_disc_13,minecraft:purple_candle
minecraft:music_disc_5,minecraft:purple_candle_cake
minecraft:music_disc_blocks,minecraft:purple_carpet
minecraft:music_disc_cat,minecraft:purple_concrete
minecraft:music_disc_chirp,minecraft:purple_concrete_powder
minecraft:music_disc_creator,minecraft:purple_glazed_terracotta
minecraft:music_disc_creator_music_box,minecraft:purple_shulker_box
minecraft:music_disc_far,minecraft:purple_stained_glass
minecraft:music_disc_mall,minecraft:purple_stained_glass_pane
minecraft:music_disc_mellohi,minecraft:purple_terracotta
minecraft:music_disc_otherside,minecraft:purple_wall_banner
minecraft:music_disc_pigstep,minecraft:purple_wool
minecraft:music_disc_precipice,minecraft:purpur_block
minecraft:music_disc_relic,minecraft:purpur_pillar
minecraft:music_disc_stal,minecraft:purpur_slab
minecraft:music_disc_strad,minecraft:purpur_stairs
minecraft:music_disc_wait,minecraft:quartz_block
minecraft:music_disc_ward,minecraft:quartz_bricks
minecraft:mutton,minecraft:quartz_pillar
minecraft:mycelium,minecraft:quartz_slab
minecraft:name_tag,minecraft:quartz_stairs
minecraft:nautilus_shell,minecraft:rail
minecraft:nether_brick,minecraft:raw_copper_block
minecraft:nether_brick_fence,minecraft:raw_gold_block
minecraft:nether_brick_slab,minecraft:raw_iron_block
minecraft:nether_brick_stairs,minecraft:red_banner
minecraft:nether_brick_wall,minecraft:red_bed
minecraft:nether_bricks,minecraft:red_candle
minecraft:nether_gold_ore,minecraft:red_candle_cake
minecraft:nether_quartz_ore,minecraft:red_carpet
minecraft:nether_sprouts,minecraft:red_concrete
minecraft:nether_star,minecraft:red_concrete_powder
minecraft:nether_wart,minecraft:red_glazed_terracotta
minecraft:nether_wart_block,minecraft:red_mushroom
minecraft:netherite_axe,minecraft:red_mushroom_block
minecraft:netherite_block,minecraft:red_nether_brick_slab
minecraft:netherite_boots,minecraft:red_nether_brick_stairs
minecraft:netherite_chestplate,minecraft:red_nether_brick_wall
minecraft:netherite_helmet,minecraft:red_nether_bricks
minecraft:netherite_hoe,minecraft:red_sand
minecraft:netherite_ingot,minecraft:red_sandstone
minecraft:netherite_leggings,minecraft:red_sandstone_slab
minecraft:netherite_pickaxe,minecraft:red_sandstone_stairs
minecraft:netherite_scrap,minecraft:red_sandstone_wall
minecraft:netherite_shovel,minecraft:red_shulker_box
minecraft:netherite_sword,minecraft:red_stained_glass
minecraft:netherite_upgrade_smithing_template,minecraft:red_stained_glass_pane
minecraft:netherrack,minecraft:red_terracotta
minecraft:note_block,minecraft:red_tulip
minecraft:oak_boat,minecraft:red_wall_banner
minecraft:oak_button,minecraft:red_wool
minecraft:oak_chest_boat,minecraft:redstone_block
minecraft:oak_door,minecraft:redstone_lamp
minecraft:oak_fence,minecraft:redstone_ore
minecraft:oak_fence_gate,minecraft:redstone_torch
minecraft:oak_hanging_sign,minecraft:redstone_wall_torch
minecraft:oak_leaves,minecraft:redstone_wire
minecraft:oak_log,minecraft:reinforced_deepslate
minecraft:oak_planks,minecraft:repeater
minecraft:oak_pressure_plate,minecraft:repeating_command_block
minecraft:oak_sapling,minecraft:respawn_anchor
minecraft:oak_sign,minecraft:rooted_dirt
minecraft:oak_slab,minecraft:rose_bush
minecraft:oak_stairs,minecraft:sand
minecraft:oak_trapdoor,minecraft:sandstone
minecraft:oak_wood,minecraft:sandstone_slab
minecraft:observer,minecraft:sandstone_stairs
minecraft:obsidian,minecraft:sandstone_wall
minecraft:ocelot_spawn_egg,minecraft:scaffolding
minecraft:ochre_froglight,minecraft:sculk
minecraft:ominous_bottle,minecraft:sculk_catalyst
minecraft:ominous_trial_key,minecraft:sculk_sensor
minecraft:orange_banner,minecraft:sculk_shrieker
minecraft:orange_bed,minecraft:sculk_vein
minecraft:orange_candle,minecraft:sea_lantern
minecraft:orange_carpet,minecraft:sea_pickle
minecraft:orange_concrete,minecraft:seagrass
minecraft:orange_concrete_powder,minecraft:short_grass
minecraft:orange_dye,minecraft:shroomlight
minecraft:orange_glazed_terracotta,minecraft:shulker_box
minecraft:orange_shulker_box,minecraft:skeleton_skull
minecraft:orange_stained_glass,minecraft:skeleton_wall_skull
minecraft:orange_stained_glass_pane,minecraft:slime_block
minecraft:orange_terracotta,minecraft:small_amethyst_bud
minecraft:orange_tulip,minecraft:small_dripleaf
minecraft:orange_wool,minecraft:smithing_table
minecraft:oxeye_daisy,minecraft:smoker
minecraft:oxidized_chiseled_copper,minecraft:smooth_basalt
minecraft:oxidized_copper,minecraft:smooth_quartz
minecraft:oxidized_copper_bulb,minecraft:smooth_quartz_slab
minecraft:oxidized_copper_door,minecraft:smooth_quartz_stairs
minecraft:oxidized_copper_grate,minecraft:smooth_red_sandstone
minecraft:oxidized_copper_trapdoor,minecraft:smooth_red_sandstone_slab
minecraft:oxidized_cut_copper,minecraft:smooth_red_sandstone_stairs
minecraft:oxidized_cut_copper_slab,minecraft:smooth_sandstone
minecraft:oxidized_cut_copper_stairs,minecraft:smooth_sandstone_slab
minecraft:packed_ice,minecraft:smooth_sandstone_stairs
minecraft:packed_mud,minecraft:smooth_stone
minecraft:painting,minecraft:smooth_stone_slab
minecraft:panda_spawn_egg,minecraft:sniffer_egg
minecraft:paper,minecraft:snow
minecraft:parrot_spawn_egg,minecraft:snow_block
minecraft:pearlescent_froglight,minecraft:soul_campfire
minecraft:peony,minecraft:soul_fire
minecraft:petrified_oak_slab,minecraft:soul_lantern
minecraft:phantom_membrane,minecraft:soul_sand
minecraft:phantom_spawn_egg,minecraft:soul_soil
minecraft:pig_spawn_egg,minecraft:soul_torch
minecraft:piglin_banner_pattern,minecraft:soul_wall_torch
minecraft:piglin_brute_spawn_egg,minecraft:spawner
minecraft:piglin_head,minecraft:sponge
minecraft:piglin_spawn_egg,minecraft:spore_blossom
minecraft:pillager_spawn_egg,minecraft:spruce_button
minecraft:pink_banner,minecraft:spruce_door
minecraft:pink_bed,minecraft:spruce_fence
minecraft:pink_candle,minecraft:spruce_fence_gate
minecraft:pink_carpet,minecraft:spruce_hanging_sign
minecraft:pink_concrete,minecraft:spruce_leaves
minecraft:pink_concrete_powder,minecraft:spruce_log
minecraft:pink_dye,minecraft:spruce_planks
minecraft:pink_glazed_terracotta,minecraft:spruce_pressure_plate
minecraft:pink_petals,minecraft:spruce_sapling
minecraft:pink_shulker_box,minecraft:spruce_sign
minecraft:pink_stained_glass,minecraft:spruce_slab
minecraft:pink_stained_glass_pane,minecraft:spruce_stairs
minecraft:pink_terracotta,minecraft:spruce_trapdoor
minecraft:pink_tulip,minecraft:spruce_wall_hanging_sign
minecraft:pink_wool,minecraft:spruce_wall_sign
minecraft:piston,minecraft:spruce_wood
minecraft:pitcher_plant,minecraft:sticky_piston
minecraft:pitcher_pod,minecraft:stone
minecraft:player_head,minecraft:stone_brick_slab
minecraft:plenty_pottery_sherd,minecraft:stone_brick_stairs
minecraft:podzol,minecraft:stone_brick_wall
minecraft:pointed_dripstone,minecraft:stone_bricks
minecraft:poisonous_potato,minecraft:stone_button
minecraft:polar_bear_spawn_egg,minecraft:stone_pressure_plate
minecraft:polished_andesite,minecraft:stone_slab
minecraft:polished_andesite_slab,minecraft:stone_stairs
minecraft:polished_andesite_stairs,minecraft:stonecutter
minecraft:polished_basalt,minecraft:stripped_acacia_log
minecraft:polished_blackstone,minecraft:stripped_acacia_wood
minecraft:polished_blackstone_brick_slab,minecraft:stripped_bamboo_block
minecraft:polished_blackstone_brick_stairs,minecraft:stripped_birch_log
minecraft:polished_blackstone_brick_wall,minecraft:stripped_birch_wood
minecraft:polished_blackstone_bricks,minecraft:stripped_cherry_log
minecraft:polished_blackstone_button,minecraft:stripped_cherry_wood
minecraft:polished_blackstone_pressure_plate,minecraft:stripped_crimson_hyphae
minecraft:polished_blackstone_slab,minecraft:stripped_crimson_stem
minecraft:polished_blackstone_stairs,minecraft:stripped_dark_oak_log
minecraft:polished_blackstone_wall,minecraft:stripped_dark_oak_wood
minecraft:polished_deepslate,minecraft:stripped_jungle_log
minecraft:polished_deepslate_slab,minecraft:stripped_jungle_wood
minecraft:polished_deepslate_stairs,minecraft:stripped_mangrove_log
minecraft:polished_deepslate_wall,minecraft:stripped_mangrove_wood
minecraft:polished_diorite,minecraft:stripped_oak_log
minecraft:polished_diorite_slab,minecraft:stripped_oak_wood
minecraft:polished_diorite_stairs,minecraft:stripped_spruce_log
minecraft:polished_granite,minecraft:stripped_spruce_wood
minecraft:polished_granite_slab,minecraft:stripped_warped_hyphae
minecraft:polished_granite_stairs,minecraft:stripped_warped_stem
minecraft:polished_tuff,minecraft:structure_block
minecraft:polished_tuff_slab,minecraft:structure_void
minecraft:polished_tuff_stairs,minecraft:sugar_cane
minecraft:polished_tuff_wall,minecraft:sunflower
minecraft:popped_chorus_fruit,minecraft:suspicious_gravel
minecraft:poppy,minecraft:suspicious_sand
minecraft:porkchop,minecraft:sweet_berry_bush
minecraft:potato,minecraft:tall_grass
minecraft:potion,minecraft:tall_seagrass
minecraft:powder_snow_bucket,minecraft:target
minecraft:powered_rail,minecraft:terracotta
minecraft:prismarine,minecraft:tinted_glass
minecraft:prismarine_brick_slab,minecraft:tnt
minecraft:prismarine_brick_stairs,minecraft:torch
minecraft:prismarine_bricks,minecraft:torchflower
minecraft:prismarine_crystals,minecraft:torchflower_crop
minecraft:prismarine_shard,minecraft:trapped_chest
minecraft:prismarine_slab,minecraft:trial_spawner
minecraft:prismarine_stairs,minecraft:tripwire
minecraft:prismarine_wall,minecraft:tripwire_hook
minecraft:prize_pottery_sherd,minecraft:tube_coral
minecraft:pufferfish,minecraft:tube_coral_block
minecraft:pufferfish_bucket,minecraft:tube_coral_fan
minecraft:pufferfish_spawn_egg,minecraft:tube_coral_wall_fan
minecraft:pumpkin,minecraft:tuff
minecraft:pumpkin_pie,minecraft:tuff_brick_slab
minecraft:pumpkin_stem,minecraft:tuff_brick_stairs
minecraft:purple_banner,minecraft:tuff_brick_wall
minecraft:purple_bed,minecraft:tuff_bricks
minecraft:purple_candle,minecraft:tuff_slab
minecraft:purple_carpet,minecraft:tuff_stairs
minecraft:purple_concrete,minecraft:tuff_wall
minecraft:purple_concrete_powder,minecraft:turtle_egg
minecraft:purple_dye,minecraft:twisting_vines
minecraft:purple_glazed_terracotta,minecraft:twisting_vines_plant
minecraft:purple_shulker_box,minecraft:vault
minecraft:purple_stained_glass,minecraft:verdant_froglight
minecraft:purple_stained_glass_pane,minecraft:vine
minecraft:purple_terracotta,minecraft:void_air
minecraft:purple_wool,minecraft:wall_torch
minecraft:purpur_block,minecraft:warped_button
minecraft:purpur_pillar,minecraft:warped_door
minecraft:purpur_slab,minecraft:warped_fence
minecraft:purpur_stairs,minecraft:warped_fence_gate
minecraft:quartz,minecraft:warped_fungus
minecraft:quartz_block,minecraft:warped_hanging_sign
minecraft:quartz_bricks,minecraft:warped_hyphae
minecraft:quartz_pillar,minecraft:warped_nylium
minecraft:quartz_slab,minecraft:warped_planks
minecraft:quartz_stairs,minecraft:warped_pressure_plate
minecraft:rabbit,minecraft:warped_roots
minecraft:rabbit_foot,minecraft:warped_sign
minecraft:rabbit_hide,minecraft:warped_slab
minecraft:rabbit_spawn_egg,minecraft:warped_stairs
minecraft:rabbit_stew,minecraft:warped_stem
minecraft:rail,minecraft:warped_trapdoor
minecraft:raiser_armor_trim_smithing_template,minecraft:warped_wall_hanging_sign
minecraft:ravager_spawn_egg,minecraft:warped_wall_sign
minecraft:raw_copper,minecraft:warped_wart_block
minecraft:raw_copper_block,minecraft:water
minecraft:raw_gold,minecraft:water_cauldron
minecraft:raw_gold_block,minecraft:waxed_chiseled_copper
minecraft:raw_iron,minecraft:waxed_copper_block
minecraft:raw_iron_block,minecraft:waxed_copper_bulb
minecraft:recovery_compass,minecraft:waxed_copper_door
minecraft:red_banner,minecraft:waxed_copper_grate
minecraft:red_bed,minecraft:waxed_copper_trapdoor
minecraft:red_candle,minecraft:waxed_cut_copper
minecraft:red_carpet,minecraft:waxed_cut_copper_slab
minecraft:red_concrete,minecraft:waxed_cut_copper_stairs
minecraft:red_concrete_powder,minecraft:waxed_exposed_chiseled_copper
minecraft:red_dye,minecraft:waxed_exposed_copper
minecraft:red_glazed_terracotta,minecraft:waxed_exposed_copper_bulb
minecraft:red_mushroom,minecraft:waxed_exposed_copper_door
minecraft:red_mushroom_block,minecraft:waxed_exposed_copper_grate
minecraft:red_nether_brick_slab,minecraft:waxed_exposed_copper_trapdoor
minecraft:red_nether_brick_stairs,minecraft:waxed_exposed_cut_copper
minecraft:red_nether_brick_wall,minecraft:waxed_exposed_cut_copper_slab
minecraft:red_nether_bricks,minecraft:waxed_exposed_cut_copper_stairs
minecraft:red_sand,minecraft:waxed_oxidized_chiseled_copper
minecraft:red_sandstone,minecraft:waxed_oxidized_copper
minecraft:red_sandstone_slab,minecraft:waxed_oxidized_copper_bulb
minecraft:red_sandstone_stairs,minecraft:waxed_oxidized_copper_door
minecraft:red_sandstone_wall,minecraft:waxed_oxidized_copper_grate
minecraft:red_shulker_box,minecraft:waxed_oxidized_copper_trapdoor
minecraft:red_stained_glass,minecraft:waxed_oxidized_cut_copper
minecraft:red_stained_glass_pane,minecraft:waxed_oxidized_cut_copper_slab
minecraft:red_terracotta,minecraft:waxed_oxidized_cut_copper_stairs
minecraft:red_tulip,minecraft:waxed_weathered_chiseled_copper
minecraft:red_wool,minecraft:waxed_weathered_copper
minecraft:redstone,minecraft:waxed_weathered_copper_bulb
minecraft:redstone_block,minecraft:waxed_weathered_copper_door
minecraft:redstone_lamp,minecraft:waxed_weathered_copper_grate
minecraft:redstone_ore,minecraft:waxed_weathered_copper_trapdoor
minecraft:redstone_torch,minecraft:waxed_weathered_cut_copper
minecraft:reinforced_deepslate,minecraft:waxed_weathered_cut_copper_slab
minecraft:repeater,minecraft:waxed_weathered_cut_copper_stairs
minecraft:repeating_command_block,minecraft:weathered_chiseled_copper
minecraft:respawn_anchor,minecraft:weathered_copper
minecraft:rib_armor_trim_smithing_template,minecraft:weathered_copper_bulb
minecraft:rooted_dirt,minecraft:weathered_copper_door
minecraft:rose_bush,minecraft:weathered_copper_grate
minecraft:rotten_flesh,minecraft:weathered_copper_trapdoor
minecraft:saddle,minecraft:weathered_cut_copper
minecraft:salmon,minecraft:weathered_cut_copper_slab
minecraft:salmon_bucket,minecraft:weathered_cut_copper_stairs
minecraft:salmon_spawn_egg,minecraft:weeping_vines
minecraft:sand,minecraft:weeping_vines_plant
minecraft:sandstone,minecraft:wet_sponge
minecraft:sandstone_slab,minecraft:wheat
minecraft:sandstone_stairs,minecraft:white_banner
minecraft:sandstone_wall,minecraft:white_bed
minecraft:scaffolding,minecraft:white_candle
minecraft:scrape_pottery_sherd,minecraft:white_candle_cake
minecraft:sculk,minecraft:white_carpet
minecraft:sculk_catalyst,minecraft:white_concrete
minecraft:sculk_sensor,minecraft:white_concrete_powder
minecraft:sculk_shrieker,minecraft:white_glazed_terracotta
minecraft:sculk_vein,minecraft:white_shulker_box
minecraft:sea_lantern,minecraft:white_stained_glass
minecraft:sea_pickle,minecraft:white_stained_glass_pane
minecraft:seagrass,minecraft:white_terracotta
minecraft:sentry_armor_trim_smithing_template,minecraft:white_tulip
minecraft:shaper_armor_trim_smithing_template,minecraft:white_wall_banner
minecraft:sheaf_pottery_sherd,minecraft:white_wool
minecraft:shears,minecraft:wither_rose
minecraft:sheep_spawn_egg,minecraft:wither_skeleton_skull
minecraft:shelter_pottery_sherd,minecraft:wither_skeleton_wall_skull
minecraft:shield,minecraft:yellow_banner
minecraft:short_grass,minecraft:yellow_bed
minecraft:shroomlight,minecraft:yellow_candle
minecraft:shulker_box,minecraft:yellow_candle_cake
minecraft:shulker_shell,minecraft:yellow_carpet
minecraft:shulker_spawn_egg,minecraft:yellow_concrete
minecraft:silence_armor_trim_smithing_template,minecraft:yellow_concrete_powder
minecraft:silverfish_spawn_egg,minecraft:yellow_glazed_terracotta
minecraft:skeleton_horse_spawn_egg,minecraft:yellow_shulker_box
minecraft:skeleton_skull,minecraft:yellow_stained_glass
minecraft:skeleton_spawn_egg,minecraft:yellow_stained_glass_pane
minecraft:skull_banner_pattern,minecraft:yellow_terracotta
minecraft:skull_pottery_sherd,minecraft:yellow_wall_banner
minecraft:slime_ball,minecraft:yellow_wool
minecraft:slime_block,minecraft:zombie_head
minecraft:slime_spawn_egg,minecraft:zombie_wall_head
minecraft:small_amethyst_bud,
minecraft:small_dripleaf,
minecraft:smithing_table,
minecraft:smoker,
minecraft:smooth_basalt,
minecraft:smooth_quartz,
minecraft:smooth_quartz_slab,
minecraft:smooth_quartz_stairs,
minecraft:smooth_red_sandstone,
minecraft:smooth_red_sandstone_slab,
minecraft:smooth_red_sandstone_stairs,
minecraft:smooth_sandstone,
minecraft:smooth_sandstone_slab,
minecraft:smooth_sandstone_stairs,
minecraft:smooth_stone,
minecraft:smooth_stone_slab,
minecraft:sniffer_egg,
minecraft:sniffer_spawn_egg,
minecraft:snort_pottery_sherd,
minecraft:snout_armor_trim_smithing_template,
minecraft:snow,
minecraft:snow_block,
minecraft:snow_golem_spawn_egg,
minecraft:snowball,
minecraft:soul_campfire,
minecraft:soul_lantern,
minecraft:soul_sand,
minecraft:soul_soil,
minecraft:soul_torch,
minecraft:spawner,
minecraft:spectral_arrow,
minecraft:spider_eye,
minecraft:spider_spawn_egg,
minecraft:spire_armor_trim_smithing_template,
minecraft:splash_potion,
minecraft:sponge,
minecraft:spore_blossom,
minecraft:spruce_boat,
minecraft:spruce_button,
minecraft:spruce_chest_boat,
minecraft:spruce_door,
minecraft:spruce_fence,
minecraft:spruce_fence_gate,
minecraft:spruce_hanging_sign,
minecraft:spruce_leaves,
minecraft:spruce_log,
minecraft:spruce_planks,
minecraft:spruce_pressure_plate,
minecraft:spruce_sapling,
minecraft:spruce_sign,
minecraft:spruce_slab,
minecraft:spruce_stairs,
minecraft:spruce_trapdoor,
minecraft:spruce_wood,
minecraft:spyglass,
minecraft:squid_spawn_egg,
minecraft:stick,
minecraft:sticky_piston,
minecraft:stone,
minecraft:stone_axe,
minecraft:stone_brick_slab,
minecraft:stone_brick_stairs,
minecraft:stone_brick_wall,
minecraft:stone_bricks,
minecraft:stone_button,
minecraft:stone_hoe,
minecraft:stone_pickaxe,
minecraft:stone_pressure_plate,
minecraft:stone_shovel,
minecraft:stone_slab,
minecraft:stone_stairs,
minecraft:stone_sword,
minecraft:stonecutter,
minecraft:stray_spawn_egg,
minecraft:strider_spawn_egg,
minecraft:string,
minecraft:stripped_acacia_log,
minecraft:stripped_acacia_wood,
minecraft:stripped_bamboo_block,
minecraft:stripped_birch_log,
minecraft:stripped_birch_wood,
minecraft:stripped_cherry_log,
minecraft:stripped_cherry_wood,
minecraft:stripped_crimson_hyphae,
minecraft:stripped_crimson_stem,
minecraft:stripped_dark_oak_log,
minecraft:stripped_dark_oak_wood,
minecraft:stripped_jungle_log,
minecraft:stripped_jungle_wood,
minecraft:stripped_mangrove_log,
minecraft:stripped_mangrove_wood,
minecraft:stripped_oak_log,
minecraft:stripped_oak_wood,
minecraft:stripped_spruce_log,
minecraft:stripped_spruce_wood,
minecraft:stripped_warped_hyphae,
minecraft:stripped_warped_stem,
minecraft:structure_block,
minecraft:structure_void,
minecraft:sugar,
minecraft:sugar_cane,
minecraft:sunflower,
minecraft:suspicious_gravel,
minecraft:suspicious_sand,
minecraft:suspicious_stew,
minecraft:sweet_berries,
minecraft:tadpole_bucket,
minecraft:tadpole_spawn_egg,
minecraft:tall_grass,
minecraft:target,
minecraft:terracotta,
minecraft:tide_armor_trim_smithing_template,
minecraft:tinted_glass,
minecraft:tipped_arrow,
minecraft:tnt,
minecraft:tnt_minecart,
minecraft:torch,
minecraft:torchflower,
minecraft:torchflower_seeds,
minecraft:totem_of_undying,
minecraft:trader_llama_spawn_egg,
minecraft:trapped_chest,
minecraft:trial_key,
minecraft:trial_spawner,
minecraft:trident,
minecraft:tripwire_hook,
minecraft:tropical_fish,
minecraft:tropical_fish_bucket,
minecraft:tropical_fish_spawn_egg,
minecraft:tube_coral,
minecraft:tube_coral_block,
minecraft:tube_coral_fan,
minecraft:tuff,
minecraft:tuff_brick_slab,
minecraft:tuff_brick_stairs,
minecraft:tuff_brick_wall,
minecraft:tuff_bricks,
minecraft:tuff_slab,
minecraft:tuff_stairs,
minecraft:tuff_wall,
minecraft:turtle_egg,
minecraft:turtle_helmet,
minecraft:turtle_scute,
minecraft:turtle_spawn_egg,
minecraft:twisting_vines,
minecraft:vault,
minecraft:verdant_froglight,
minecraft:vex_armor_trim_smithing_template,
minecraft:vex_spawn_egg,
minecraft:villager_spawn_egg,
minecraft:vindicator_spawn_egg,
minecraft:vine,
minecraft:wandering_trader_spawn_egg,
minecraft:ward_armor_trim_smithing_template,
minecraft:warden_spawn_egg,
minecraft:warped_button,
minecraft:warped_door,
minecraft:warped_fence,
minecraft:warped_fence_gate,
minecraft:warped_fungus,
minecraft:warped_fungus_on_a_stick,
minecraft:warped_hanging_sign,
minecraft:warped_hyphae,
minecraft:warped_nylium,
minecraft:warped_planks,
minecraft:warped_pressure_plate,
minecraft:warped_roots,
minecraft:warped_sign,
minecraft:warped_slab,
minecraft:warped_stairs,
minecraft:warped_stem,
minecraft:warped_trapdoor,
minecraft:warped_wart_block,
minecraft:water_bucket,
minecraft:waxed_chiseled_copper,
minecraft:waxed_copper_block,
minecraft:waxed_copper_bulb,
minecraft:waxed_copper_door,
minecraft:waxed_copper_grate,
minecraft:waxed_copper_trapdoor,
minecraft:waxed_cut_copper,
minecraft:waxed_cut_copper_slab,
minecraft:waxed_cut_copper_stairs,
minecraft:waxed_exposed_chiseled_copper,
minecraft:waxed_exposed_copper,
minecraft:waxed_exposed_copper_bulb,
minecraft:waxed_exposed_copper_door,
minecraft:waxed_exposed_copper_grate,
minecraft:waxed_exposed_copper_trapdoor,
minecraft:waxed_exposed_cut_copper,
minecraft:waxed_exposed_cut_copper_slab,
minecraft:waxed_exposed_cut_copper_stairs,
minecraft:waxed_oxidized_chiseled_copper,
minecraft:waxed_oxidized_copper,
minecraft:waxed_oxidized_copper_bulb,
minecraft:waxed_oxidized_copper_door,
minecraft:waxed_oxidized_copper_grate,
minecraft:waxed_oxidized_copper_trapdoor,
minecraft:waxed_oxidized_cut_copper,
minecraft:waxed_oxidized_cut_copper_slab,
minecraft:waxed_oxidized_cut_copper_stairs,
minecraft:waxed_weathered_chiseled_copper,
minecraft:waxed_weathered_copper,
minecraft:waxed_weathered_copper_bulb,
minecraft:waxed_weathered_copper_door,
minecraft:waxed_weathered_copper_grate,
minecraft:waxed_weathered_copper_trapdoor,
minecraft:waxed_weathered_cut_copper,
minecraft:waxed_weathered_cut_copper_slab,
minecraft:waxed_weathered_cut_copper_stairs,
minecraft:wayfinder_armor_trim_smithing_template,
minecraft:weathered_chiseled_copper,
minecraft:weathered_copper,
minecraft:weathered_copper_bulb,
minecraft:weathered_copper_door,
minecraft:weathered_copper_grate,
minecraft:weathered_copper_trapdoor,
minecraft:weathered_cut_copper,
minecraft:weathered_cut_copper_slab,
minecraft:weathered_cut_copper_stairs,
minecraft:weeping_vines,
minecraft:wet_sponge,
minecraft:wheat,
minecraft:wheat_seeds,
minecraft:white_banner,
minecraft:white_bed,
minecraft:white_candle,
minecraft:white_carpet,
minecraft:white_concrete,
minecraft:white_concrete_powder,
minecraft:white_dye,
minecraft:white_glazed_terracotta,
minecraft:white_shulker_box,
minecraft:white_stained_glass,
minecraft:white_stained_glass_pane,
minecraft:white_terracotta,
minecraft:white_tulip,
minecraft:white_wool,
minecraft:wild_armor_trim_smithing_template,
minecraft:wind_charge,
minecraft:witch_spawn_egg,
minecraft:wither_rose,
minecraft:wither_skeleton_skull,
minecraft:wither_skeleton_spawn_egg,
minecraft:wither_spawn_egg,
minecraft:wolf_armor,
minecraft:wolf_spawn_egg,
minecraft:wooden_axe,
minecraft:wooden_hoe,
minecraft:wooden_pickaxe,
minecraft:wooden_shovel,
minecraft:wooden_sword,
minecraft:writable_book,
minecraft:written_book,
minecraft:yellow_banner,
minecraft:yellow_bed,
minecraft:yellow_candle,
minecraft:yellow_carpet,
minecraft:yellow_concrete,
minecraft:yellow_concrete_powder,
minecraft:yellow_dye,
minecraft:yellow_glazed_terracotta,
minecraft:yellow_shulker_box,
minecraft:yellow_stained_glass,
minecraft:yellow_stained_glass_pane,
minecraft:yellow_terracotta,
minecraft:yellow_wool,
minecraft:zoglin_spawn_egg,
minecraft:zombie_head,
minecraft:zombie_horse_spawn_egg,
minecraft:zombie_spawn_egg,
minecraft:zombie_villager_spawn_egg,
minecraft:zombified_piglin_spawn_egg,
